<?xml version="1.0" encoding="UTF-8"?>
<manifesto> 
    <meta>
        <keyname>
            TP5
        </keyname>
        <titulo>
            Trabalho pratico 5
        </titulo>
        <subtitulo>
            Website + Servidor em NodeJs
        </subtitulo>
        <inicio>
            17/10/2018
        </inicio>
        <fim>
            20/10/2018
        </fim>
        <supervisor>
            José Carlos Ramalho
        </supervisor>
    </meta>
    <equipa >
        <membro>
            <nome>
                José Alexandre Gonçalves Carvalho
            </nome>
            <email>
                pg38932@alunos.uminho.pt
            </email>
            <identificador>
                PG38932
            </identificador>
            <website>
                www.google.com
            </website>
        </membro>
    </equipa>
    <resumo>
        <para>
            <b> Trabalho prático nº5</b> Aqui entrego o link do github onde se encontram todos os ficheiros necessários para o TP5 <i></i>
        </para>
    </resumo>
    <resultados>
        <resultado url="https://github.com/pg38932/Desenvolvimento-WEB.git">
            Website+Servidor
        </resultado> 
    </resultados>
</manifesto>


