[
    {
        "id":"m1",
        "titulo":"Homenagem a J. Serra"
    },
    {
        "id":"m2",
        "titulo":"Armindo Alves"
    },
    {
        "id":"m3",
        "titulo":"1989"
    },
    {
        "id":"m4",
        "titulo":"Manuel Joaquim ALmeida"
    },
    {
        "id":"m5",
        "titulo":"Holiday in Rio"
    },
    {
        "id":"m6",
        "titulo":"São Martinho"
    },
    {
        "id":"m7",
        "titulo":"Avé Maria"
    },
    {
        "id":"m8",
        "titulo":"Corpo Místico"
    },
    {
        "id":"m9",
        "titulo":"Súplica"
    },
    {
        "id":"m10",
        "titulo":"Senhora Nossa"
    },
    {
        "id":"m11",
        "titulo":"Invocação a Deus"
    },
    {
        "id":"m12",
        "titulo":"São Bento"
    },
    {
        "id":"m13",
        "titulo":"Casa de S. Paulo"
    },
    {
        "id":"m14",
        "titulo":"Filarmonia"
    },
    {
        "id":"m15",
        "titulo":"Caçadores do I"
    },
    {
        "id":"m16",
        "titulo":"Homenagem ao Dr Manuel Vaz"
    },
    {
        "id":"m17",
        "titulo":"Homenagem a Vila Verde"
    },
    {
        "id":"m18",
        "titulo":"12 de Abril"
    },
    {
        "id":"m19",
        "titulo":"Tarântula"
    },
    {
        "id":"m20",
        "titulo":"Cassiopeia"
    },
    {
        "id":"m21",
        "titulo":"António Nogueira"
    },
    {
        "id":"m22",
        "titulo":"Marcha Eslava"
    },
    {
        "id":"m23",
        "titulo":"Fate of the Gods"
    },
    {
        "id":"m24",
        "titulo":"Vamos à Romaria"
    },
    {
        "id":"m25",
        "titulo":"Português Suave"
    },
    {
        "id":"m26",
        "titulo":"Cycles and Myths"
    },
    {
        "id":"m27",
        "titulo":"Canções da Tradição"
    },
    {
        "id":"m28",
        "titulo":"Abba Mia"
    },
    {
        "id":"m29",
        "titulo":"Ross Roy"
    },
    {
        "id":"m31",
        "titulo":"Highlights from 'Chess'"
    },
    {
        "id":"m32",
        "titulo":"Cavalaria Ligeira"
    },
    {
        "id":"m33",
        "titulo":"Paquito Chocolatero"
    },
    {
        "id":"m34",
        "titulo":"Xabia"
    },
    {
        "id":"m35",
        "titulo":"Bands Around the World"
    },
    {
        "id":"m36",
        "titulo":"Hispânico"
    },
    {
        "id":"m40",
        "titulo":"Xutos Medley"
    },
    {
        "id":"m41",
        "titulo":"Sonhos de Portugal"
    },
    {
        "id":"m42",
        "titulo":"Pilatus: Mountain of Dragons"
    },
    {
        "id":"m43",
        "titulo":"Marcha Radetzky"
    },
    {
        "id":"m44",
        "titulo":"Vila Franca"
    },
    {
        "id":"m45",
        "titulo":"Momentos Menores"
    },
    {
        "id":"m46",
        "titulo":"Santana"
    },
    {
        "id":"m47",
        "titulo":"Bailar em Nespereira"
    },
    {
        "id":"m48",
        "titulo":"Transfiguração"
    },
    {
        "id":"m49",
        "titulo":"Tannhauser Ouverture"
    },
    {
        "id":"m50",
        "titulo":"Harmonique"
    },
    {
        "id":"m131",
        "titulo":"Alvamar Overture"
    }
]